{
  "description": "在 Visual Studio Code 中管理 Java 專案",
  "contributes.commands.java.project.create": "建立 Java 專案...",
  "contributes.commands.java.project.addLibraries": "新增 Jar 檔案至專案 Classpath...",
  "contributes.commands.java.project.addLibraryFolders": "新增資料夾至專案 Classpath...",
  "contributes.commands.java.project.removeLibrary": "從專案 Classpath 中移除",
  "contributes.commands.java.view.package.refresh": "重新整理",
  "contributes.commands.java.project.build.workspace": "重新建置所有專案",
  "contributes.commands.java.project.clean.workspace": "清理工作區",
  "contributes.commands.java.project.rebuild": "重新建置專案",
  "contributes.commands.java.project.update": "重新載入專案",
  "contributes.commands.java.project.reloadProjectFromActiveFile": "重新載入 Java 專案",
  "contributes.commands.java.view.package.revealInProjectExplorer": "在 Java 專案視圖中顯示",
  "contributes.commands.java.view.package.changeToFlatPackageView":"平行顯示",
  "contributes.commands.java.view.package.changeToHierarchicalPackageView":"階層顯示",
  "contributes.commands.java.view.package.linkWithFolderExplorer":"與編輯器同步",
  "contributes.commands.java.view.package.unlinkWithFolderExplorer":"與編輯器解除同步",
  "contributes.commands.java.view.package.revealFileInOS": "在檔案總管中顯示",
  "contributes.commands.java.view.package.exportJar": "匯出成 Jar 檔案...",
  "contributes.commands.java.view.package.copyFilePath": "複製路徑",
  "contributes.commands.java.view.package.copyRelativeFilePath": "複製相對路徑",
  "contributes.commands.java.view.package.newJavaClass": "建立 Java 類別",
  "contributes.commands.java.view.package.newPackage": "建立套件",
  "contributes.commands.java.view.package.renameFile": "重新命名",
  "contributes.commands.java.view.package.moveFileToTrash": "刪除",
  "contributes.commands.java.view.package.deleteFilePermanently": "永久刪除",
  "configuration.java.dependency.showMembers": "在 Java 專案管理員中顯示成員",
  "configuration.java.dependency.syncWithFolderExplorer": "在 Java 專案管理員中同步關聯當前開啟的檔案",
  "configuration.java.dependency.autoRefresh": "在 Java 專案管理員中自動同步修改",
  "configuration.java.dependency.refreshDelay": "控制 Java 專案管理員重新整理的延遲時間 (毫秒)",
  "configuration.java.dependency.packagePresentation": "Java 套件顯示方式: 平行顯示或者分層顯示",
  "configuration.java.project.exportJar.targetPath.customization": "匯出 Jar 檔案的路徑。如果您想要手動選擇輸出路徑，可以不填。",
  "configuration.java.project.exportJar.targetPath.workspaceFolder": "匯出 Jar 檔案到工作區資料夾下。Jar 檔案的名稱和工作區資料夾的名稱相同。",
  "configuration.java.project.exportJar.targetPath.select": "在匯出 Jar 檔案時手動選擇輸出位置。",
  "taskDefinitions.java.project.exportJar.label": "匯出 Jar 任務的名稱。",
  "taskDefinitions.java.project.exportJar.elements": "匯出 Jar 檔案的內容列表。",
  "taskDefinitions.java.project.exportJar.mainClass": "匯出 Jar 檔案的 main 函數所在的類別。",
  "taskDefinitions.java.project.exportJar.compileOutput": "在 runtime scope 內包含輸出的類別檔案的資料夾。",
  "taskDefinitions.java.project.exportJar.testCompileOutput": "在 test scope 內包含輸出的類別檔案的資料夾。",
  "taskDefinitions.java.project.exportJar.dependencies": "在 runtime scope 內的製品相依性。",
  "taskDefinitions.java.project.exportJar.testDependencies": "在 test scope 內的製品相依性。",
  "taskDefinitions.java.project.build.path": "被建置專案的根目錄路徑。絕對路徑或者相對於工作區目錄的相對路徑都可以使用。",
  "taskDefinitions.java.project.build.path.workspace": "工作區中的所有專案。",
  "taskDefinitions.java.project.build.path.exclude": "'!' 後的路徑將會從待建置專案路徑中移除。",
  "taskDefinitions.java.project.build.isFullBuild": "是否要重新建置專案。",
  "viewsWelcome.workbench.createNewJavaProject": "您也可以[開啟一個 Java 專案目錄](command:_java.project.open)，或點擊下方按鈕建立一個新的 Java 專案。\n[建立 Java 專案](command:java.project.create)",
  "viewsWelcome.workbench.noJavaProject": "當前工作區未發現 Java 專案，您可以[開啟一個 Java 專案目錄](command:_java.project.open)，或點擊下方按鈕建立一個新的 Java 專案。\n[建立 Java 專案](command:java.project.create)",
  "viewsWelcome.workbench.inLightWeightMode": "若要檢視各專案，你可以將專案匯入到工作區中。\n[匯入專案](command:java.server.mode.switch?%5B%22Standard%22,true%5D)",
  "viewsWelcome.workbench.installLanguageSupport": "Java 專案視圖需要安裝並啟用 [Extension Pack for Java](command:extension.open?%5B%22vscjava.vscode-java-pack%22%5D) 以提供完整的功能。\n[安裝](command:java.project.installExtension?%5B%22vscjava.vscode-java-pack%22%5D)"
}