{
  "description": "在 Visual Studio Code 中管理 Java 项目",
  "contributes.commands.java.project.create": "创建 Java 项目...",
  "contributes.commands.java.project.addLibraries": "添加 Jar 文件至项目 Classpath...",
  "contributes.commands.java.project.addLibraryFolders": "添加文件夹至项目 Classpath...",
  "contributes.commands.java.project.removeLibrary": "从项目 Classpath 中移除",
  "contributes.commands.java.view.package.refresh": "刷新",
  "contributes.commands.java.project.build.workspace": "重新构建所有项目",
  "contributes.commands.java.project.clean.workspace": "清理工作空间",
  "contributes.commands.java.project.rebuild": "重新构建项目",
  "contributes.commands.java.project.update": "重新加载项目",
  "contributes.commands.java.project.reloadProjectFromActiveFile": "重新加载 Java 项目",
  "contributes.commands.java.view.package.revealInProjectExplorer": "在 Java 项目视图中显示",
  "contributes.commands.java.view.package.changeToFlatPackageView":"平行显示",
  "contributes.commands.java.view.package.changeToHierarchicalPackageView":"层级显示",
  "contributes.commands.java.view.package.linkWithFolderExplorer":"启用编辑器关联",
  "contributes.commands.java.view.package.unlinkWithFolderExplorer":"关闭编辑器关联",
  "contributes.commands.java.view.package.revealFileInOS": "打开所在的文件夹",
  "contributes.commands.java.view.package.exportJar": "导出到 Jar 文件...",
  "contributes.commands.java.view.package.copyFilePath": "复制路径",
  "contributes.commands.java.view.package.copyRelativeFilePath": "复制相对路径",
  "contributes.commands.java.view.package.newJavaClass": "创建 Java 类",
  "contributes.commands.java.view.package.newPackage": "创建包",
  "contributes.commands.java.view.package.renameFile": "重命名",
  "contributes.commands.java.view.package.moveFileToTrash": "删除",
  "contributes.commands.java.view.package.deleteFilePermanently": "永久删除",
  "configuration.java.dependency.showMembers": "在 Java 项目管理器中显示成员",
  "configuration.java.dependency.syncWithFolderExplorer": "在 Java 项目管理器中同步关联当前打开的文件",
  "configuration.java.dependency.autoRefresh": "在 Java 项目管理器中自动同步修改",
  "configuration.java.dependency.refreshDelay": "控制 Java 项目管理器刷新的延迟时间 (毫秒)",
  "configuration.java.dependency.packagePresentation": "Java 包显示方式: 平行显示或者分层显示",
  "configuration.java.project.exportJar.targetPath.customization": "导出 Jar 文件的路径。您可以将此选项置为空串来手动选择 jar 文件的导出路径。",
  "configuration.java.project.exportJar.targetPath.workspaceFolder": "导出 Jar 文件到工作空间文件夹下。Jar 文件的名称和工作空间文件夹的名称相同。",
  "configuration.java.project.exportJar.targetPath.select": "在导出 Jar 文件时手动选择输出目录。",
  "taskDefinitions.java.project.exportJar.label": "导出 Jar 任务的名称。",
  "taskDefinitions.java.project.exportJar.elements": "导出 Jar 文件的内容列表。",
  "taskDefinitions.java.project.exportJar.mainClass": "导出 Jar 文件的 main 函数所在的类。",
  "taskDefinitions.java.project.exportJar.compileOutput": "在 runtime scope 内包含输出的 class 文件的文件夹。",
  "taskDefinitions.java.project.exportJar.testCompileOutput": "在 test scope 内包含输出的 class 文件的文件夹。",
  "taskDefinitions.java.project.exportJar.dependencies": "在 runtime scope 内的依赖。",
  "taskDefinitions.java.project.exportJar.testDependencies": "在 test scope 内的依赖。",
  "taskDefinitions.java.project.build.path": "被构建项目的根目录路径。绝对路径或者相对于工作空间目录的相对路径都可以使用。",
  "taskDefinitions.java.project.build.path.workspace": "工作空间中的所有项目。",
  "taskDefinitions.java.project.build.path.exclude": "'!' 后的路径将会从待构建项目路径中移除。",
  "taskDefinitions.java.project.build.isFullBuild": "是否要重新构建项目。",
  "viewsWelcome.workbench.createNewJavaProject": "您也可以[打开一个 Java 项目目录](command:_java.project.open)，或点击下方按钮创建一个新的 Java 项目。\n[创建 Java 项目](command:java.project.create)",
  "viewsWelcome.workbench.noJavaProject": "当前工作空间未发现 Java 项目，您可以[打开一个 Java 项目目录](command:_java.project.open)，或点击下方按钮创建一个新的 Java 项目。\n[创建 Java 项目](command:java.project.create)",
  "viewsWelcome.workbench.inLightWeightMode": "要浏览项目信息，你可以将项目导入到工作空间中。\n[导入项目](command:java.server.mode.switch?%5B%22Standard%22,true%5D)",
  "viewsWelcome.workbench.installLanguageSupport": "Java 项目视图需要安装并激活 [Extension Pack for Java](command:extension.open?%5B%22vscjava.vscode-java-pack%22%5D) 以提供完整的功能。\n[安装](command:java.project.installExtension?%5B%22vscjava.vscode-java-pack%22%5D)"
}
