{
    "defaultSeverity": "error",
    "extends": [
        "tslint:recommended"
    ],
    "linterOptions": {
        "exclude": [
            "test/**/*.ts"
        ]
    },
    "jsRules": {},
    "rules": {
        "object-literal-sort-keys": false,
        "indent": [
            true,
            "spaces"
        ],
        "no-string-literal": false,
        "no-namespace": false,
        "max-line-length": [
            false,
            120
        ],
        "no-console": [
            true,
            "log"
        ],
        "max-classes-per-file": false
    },
    "rulesDirectory": []
}