{"org.eclipse.jdt:core":333,"org.powermock:powermock-core":403,"com.microsoft.azure.cognitiveservices:azure-cognitiveservices-customvision-prediction":0,"com.squareup.retrofit2:adapter-rxjava":472,"org.webjars.npm:jquery":359,"com.microsoft.azure:azure-mgmt-appservice":2,"com.microsoft.azure:azure-storage-blob":8,"concurrent:concurrent":390,"org.apache.cxf:cxf-rt-frontend-jaxws":833,"com.typesafe.akka:akka-stream-testkit_2.13":0,"org.apache.spark:spark-core_2.12":0,"org.xerial:sqlite-jdbc":562,"com.google.protobuf:protobuf-java":2045,"org.apache.maven.reporting:maven-reporting-impl":310,"org.apache.logging.log4j:log4j-slf4j18-impl":376,"commons-configuration:commons-configuration":1650,"org.jboss.logging:jboss-logging-processor":1066,"org.scala-lang.modules:scala-parser-combinators_2.13":0,"org.quartz-scheduler:quartz":1379,"org.springframework:spring-test":7157,"com.fasterxml.jackson.dataformat:jackson-dataformat-xml":842,"org.json4s:json4s-jackson_2.13":0,"org.webjars.bowergithub.polymer:polymer":904,"org.powermock:powermock-api-mockito":2295,"org.jboss.shrinkwrap:shrinkwrap-impl-base":335,"org.springframework.cloud:spring-cloud-starter-config":449,"com.google.guava:guava":20906,"com.google.zxing:core":466,"org.ops4j.pax.url:pax-url-aether":446,"javax.ejb:ejb-api":336,"org.mortbay.jetty:jetty":1306,"commons-cli:commons-cli":3193,"org.hibernate:hibernate-hikaricp":396,"javax.transaction:javax.transaction-api":342,"javax.xml.bind:jaxb-api":2868,"org.apache.commons:commons-exec":565,"io.dropwizard:dropwizard-testing":312,"net.sf.jopt-simple:jopt-simple":371,"com.squareup.okhttp3:mockwebserver":489,"com.novocode:junit-interface":1225,"org.jboss.resteasy:jaxrs-api":301,"com.google.guava:guava-testlib":357,"org.apache.tomcat:tomcat-catalina":446,"com.microsoft.azure.cognitiveservices:azure-cognitiveservices-newssearch":0,"org.apache.activemq:activemq-broker":409,"io.dropwizard:dropwizard-core":540,"io.springfox:springfox-swagger-ui":412,"io.vertx:vertx-web":325,"org.codehaus.groovy:groovy-jsr223":554,"org.scoverage:scalac-scoverage-plugin_2.13":0,"org.apache.curator:curator-recipes":555,"org.slf4j:slf4j-simple":8252,"org.netbeans.api:org-netbeans-modules-projectapi":585,"org.greenrobot:eventbus":478,"com.nineoldandroids:library":509,"org.apache.hadoop:hadoop-annotations":374,"com.squareup.retrofit2:converter-gson":1611,"org.glassfish.jaxb:jaxb-core":435,"io.circe:circe-core_2.13":0,"com.microsoft.azure.cognitiveservices:azure-cognitiveservices-customsearch":0,"io.rest-assured:rest-assured":370,"org.springframework.boot:spring-boot-starter-test":4848,"org.mozilla:rhino":489,"org.glassfish.main.javaee-api:javax.jms":378,"org.hibernate:hibernate-ehcache":340,"com.squareup.retrofit2:adapter-rxjava2":570,"org.apache.httpcomponents:httpcore":3069,"org.apache.thrift:libthrift":819,"io.dropwizard.metrics:metrics-core":1414,"org.apache.logging.log4j:log4j-web":586,"org.springframework:spring-messaging":624,"org.xerial.snappy:snappy-java":630,"org.scala-tools.testing:specs_2.10":0,"org.hamcrest:hamcrest-junit":381,"org.eclipse:ui":414,"com.microsoft.azure.cognitiveservices:azure-cognitiveservices-visualsearch":0,"com.liferay.portal:com.liferay.portal.impl":320,"org.springframework:spring-context-indexer":369,"org.eclipse.persistence:eclipselink":310,"com.google.code.gson:gson":10611,"com.google.dagger:dagger":549,"org.apache.tika:tika-core":460,"com.microsoft.azure:azure-eventgrid":0,"com.fasterxml.jackson.core:jackson-core":6137,"org.apache.commons:commons-configuration2":599,"org.netbeans.api:org-openide-util":1377,"com.microsoft.azure.cognitiveservices:azure-cognitiveservices-computervision":0,"log4j:log4j":14624,"ch.qos.logback:logback-classic":16150,"net.minidev:json-smart":311,"org.eclipse.core:runtime":931,"com.fasterxml.jackson.datatype:jackson-datatype-guava":729,"org.eclipse.jetty:jetty-http":474,"org.eclipse.aether:aether-api":407,"org.hsqldb:hsqldb":2427,"org.apache.maven:maven-artifact":1773,"org.jboss.logmanager:jboss-logmanager":342,"org.specs2:specs2-junit_2.13":0,"com.typesafe:config":1755,"org.apache.maven:maven-aether-provider":390,"org.netbeans.api:org-openide-nodes":763,"org.apache.lucene:lucene-queryparser":477,"com.microsoft.azure:azure-mgmt-dns":2,"org.scalatest:scalatest_2.12":0,"io.netty:netty":918,"com.sun.xml.bind:jaxb-xjc":551,"org.apereo:spring-webflow-client-repo":417,"org.springframework.boot:spring-boot-starter-security":799,"com.lmax:disruptor":830,"commons-codec:commons-codec":7806,"org.jboss.spec.javax.ejb:jboss-ejb-api_3.2_spec":346,"org.osgi:org.osgi.enterprise":322,"javax.activation:activation":1283,"com.microsoft.azure:adal4j":54,"org.objenesis:objenesis":1772,"org.apache.logging.log4j:log4j-slf4j-impl":2920,"org.springframework.boot:spring-boot-devtools":698,"com.google.auto.service:auto-service":1501,"org.scala-lang.modules:scala-collection-compat_2.13":0,"javax.jcr:jcr":1118,"org.netbeans.api:org-netbeans-api-progress":313,"org.jetbrains.kotlin:kotlin-stdlib":4017,"org.apache.tomcat.embed:tomcat-embed-jasper":305,"stax:stax-api":817,"commons-logging:commons-logging":8807,"com.microsoft.azure:azure-batch":1,"org.codehaus.jackson:jackson-mapper-asl":3160,"org.apache.cxf:cxf-rt-frontend-jaxrs":775,"org.jboss.errai:errai-common":386,"org.easymock:easymockclassextension":908,"org.scala-lang:scala-library":21756,"org.jboss.resteasy:resteasy-client":479,"org.apache.felix:org.apache.felix.scr.ds-annotations":477,"org.apache.httpcomponents:httpmime":1699,"org.glassfish.web:el-impl":528,"org.apache.camel:camel-spring":536,"org.junit.platform:junit-platform-runner":393,"com.h2database:h2":5133,"net.sf.opencsv:opencsv":579,"org.tukaani:xz":399,"commons-io:commons-io":17000,"org.slf4j:slf4j-nop":902,"com.microsoft.azure.cognitiveservices:azure-cognitiveservices-contentmoderator":0,"org.apache.zookeeper:zookeeper":1085,"com.squareup.okhttp:okhttp":1138,"org.apache.felix:org.osgi.core":796,"org.springframework.webflow:spring-webflow":512,"org.apache.felix:org.apache.felix.framework":729,"org.clojure:test.check":805,"org.apache.kafka:kafka_2.12":0,"org.springframework.data:spring-data-jpa":441,"org.springframework:spring-expression":1276,"org.springframework.boot:spring-boot-actuator":719,"javax.mail:mail":2103,"com.github.ghik:silencer-lib_2.13.0":0,"com.squareup.okio:okio":598,"org.mongodb:mongo-java-driver":1001,"org.apache.tomcat.embed:tomcat-embed-core":494,"org.hibernate:hibernate-validator":2771,"com.microsoft.servicefabric:sf":4,"dom4j:dom4j":2007,"org.springframework.boot:spring-boot-starter":2410,"javax.transaction:jta":1104,"org.springmodules:spring-modules-cache":428,"org.uberfire:uberfire-api":429,"org.springframework.data:spring-data-mongodb":672,"org.slf4j:slf4j-log4j12":12560,"org.jetbrains.kotlin:kotlin-android-extensions-runtime":491,"commons-logging:commons-logging-api":608,"com.microsoft.azure.cognitiveservices:azure-faceapi":0,"org.apache.maven:maven-compat":836,"xerces:xercesImpl":2071,"org.eclipse.jetty:jetty-util":871,"io.swagger:swagger-annotations":916,"org.apache.commons:commons-text":1078,"org.apache.maven.shared:maven-plugin-testing-harness":378,"org.apache.lucene:lucene-core":1198,"org.clojure:tools.reader":373,"org.hibernate:hibernate-entitymanager":2363,"org.jboss.errai:errai-bus":561,"org.mariadb.jdbc:mariadb-java-client":344,"com.google.code.findbugs:jsr305":6651,"org.webjars.bower:jquery":696,"org.clojure:tools.namespace":877,"org.apache.spark:spark-mllib_2.12":0,"com.intellij:annotations":394,"org.osgi:osgi.core":585,"org.clojure:tools.nrepl":6198,"com.android.databinding:baseLibrary":493,"org.jetbrains.kotlin:kotlin-test-junit":1002,"org.osgi:org.osgi.compendium":3314,"com.typesafe.akka:akka-stream_2.13":0,"com.microsoft.azure:azure-mgmt-datalake-analytics":0,"org.springframework.data:spring-data-commons":874,"org.apache.camel:camel-test":630,"org.codehaus.groovy:groovy-groovysh":406,"org.apache.hadoop:hadoop-core":683,"hsqldb:hsqldb":1293,"org.codehaus.jettison:jettison":742,"com.fasterxml.jackson.datatype:jackson-datatype-joda":610,"javax.cache:cache-api":331,"org.netbeans.api:org-openide-util-ui":668,"org.apache.cxf:cxf-rt-transports-http-jetty":402,"io.circe:circe-parser_2.13":0,"io.netty:netty-buffer":620,"org.apache.tika:tika-parsers":307,"org.apache.hadoop:hadoop-common":1677,"org.apache.commons:commons-dbcp2":432,"org.jmock:jmock-legacy":455,"org.springframework.boot:spring-boot-starter-aop":876,"junit:junit":91326,"org.springframework.security:spring-security-rsa":387,"org.netbeans.api:org-netbeans-modules-projectuiapi":345,"org.apache.spark:spark-sql_2.12":0,"org.flywaydb:flyway-core":399,"com.sun.jersey:jersey-servlet":347,"org.apache.maven.plugin-testing:maven-plugin-testing-harness":752,"javax.el:el-api":771,"javax:javaee-web-api":462,"org.clojure:tools.logging":1352,"org.aspectj:aspectjweaver":1959,"org.eclipse.jgit:org.eclipse.jgit":845,"io.netty:netty-transport":581,"javax.ws.rs:jsr311-api":1574,"com.mashape.unirest:unirest-java":305,"org.springframework:spring-webmvc":3453,"org.apache.jackrabbit:jackrabbit-jcr-commons":349,"com.microsoft.azure:azure":38,"javax.faces:jsf-api":487,"org.apache.geronimo.specs:geronimo-servlet_3.0_spec":533,"org.apache.maven:maven-archiver":383,"org.scalamock:scalamock-scalatest-support_2.12":0,"org.junit.jupiter:junit-jupiter-api":3995,"com.alibaba:fastjson":2269,"javax.persistence:persistence-api":934,"org.jetbrains.kotlin:kotlin-reflect":2141,"org.jmock:jmock-junit4":757,"org.eclipse.core:org.eclipse.core.runtime":766,"postgresql:postgresql":977,"org.jsoup:jsoup":1911,"org.apache.karaf.shell:org.apache.karaf.shell.console":519,"org.easytesting:fest-assert":1096,"org.scala-lang.modules:scala-xml_2.13":0,"ch.qos.logback:logback-core":3252,"org.eclipse.jetty:jetty-servlets":560,"org.apache.avro:avro":1073,"com.sun.xml.bind:jaxb-impl":1946,"org.webjars:jquery":398,"com.amazonaws:aws-java-sdk-core":585,"org.springframework.boot:spring-boot-starter-tomcat":340,"org.scala-js:scalajs-test-interface_2.13":0,"com.sun.jersey:jersey-server":958,"org.scalaz:scalaz-core_2.13":0,"io.netty:netty-all":1328,"com.google.auto.value:auto-value":561,"org.apache.uima:uimaj-core":527,"com.github.tomakehurst:wiremock":1068,"com.microsoft.azure.cognitiveservices:azure-cognitiveservices-imagesearch":0,"org.json4s:json4s-native_2.13":0,"com.microsoft.azure:azure-data-lake-store-sdk":12,"com.microsoft.azure:azure-mgmt-streamanalytics":0,"org.slf4j:slf4j-api":37700,"com.liferay.portal:com.liferay.portal.kernel":655,"org.mockito:mockito-all":12108,"org.apache.maven:maven-settings":510,"com.microsoft.azure.cognitiveservices:azure-cognitiveservices-luis-authoring":0,"org.codehaus.groovy:groovy-console":378,"com.microsoft.azure:azure-mgmt-containerregistry":1,"org.eclipse.core:org.eclipse.core.resources":307,"org.slf4j:slf4j-ext":451,"org.jboss.resteasy:resteasy-jaxrs":912,"org.glassfish.jersey.containers:jersey-container-servlet":447,"org.eclipse.jetty:jetty-io":396,"com.typesafe.akka:akka-slf4j_2.13":0,"org.reactivestreams:reactive-streams":305,"org.apache.poi:poi-ooxml":1162,"org.glassfish.jersey.core:jersey-client":988,"org.apache.shiro:shiro-web":312,"com.microsoft.azure:azure-keyvault":18,"com.android.tools.build:gradle":978,"wsdl4j:wsdl4j":543,"org.apache.karaf.features:org.apache.karaf.features.core":300,"io.grpc:grpc-netty":343,"org.apache.maven.wagon:wagon-provider-api":444,"org.springframework.boot:spring-boot-starter-data-redis":366,"com.typesafe.play:play-logback_2.13":0,"com.fasterxml.jackson.core:jackson-annotations":5869,"com.google.truth:truth":944,"com.google.inject:guice":3484,"com.microsoft.azure:azure-servicebus":19,"com.codahale.metrics:metrics-core":437,"com.fasterxml.jackson.module:jackson-module-jaxb-annotations":559,"org.apache.mina:mina-core":463,"org.springframework.boot:spring-boot-starter-websocket":508,"org.apache.derby:derby":1599,"org.junit.platform:junit-platform-engine":453,"org.mybatis:mybatis-spring":340,"org.codehaus.groovy:groovy-sql":370,"mysql:mysql-connector-java":3794,"org.apache.camel:camel-spring-boot-starter":438,"org.jboss.spec.javax.transaction:jboss-transaction-api_1.2_spec":361,"org.apache.logging.log4j:log4j-core":4308,"org.jboss.weld:weld-core":323,"org.jboss.weld.se:weld-se-core":516,"org.wso2.carbon:org.wso2.carbon.logging":1212,"org.codehaus.jackson:jackson-jaxrs":720,"org.springframework.security:spring-security-crypto":463,"org.webjars.bower:angular":708,"com.microsoft.azure.resourcegraph.v2019_04_01:azure-mgmt-resourcegraph":0,"oro:oro":486,"info.cukes:cucumber-junit":336,"org.junit.vintage:junit-vintage-engine":1257,"org.apache.maven:maven-core":2882,"org.hibernate:hibernate-core":2984,"com.microsoft.azure.cognitiveservices:azure-cognitiveservices-autosuggest":0,"com.google.code.findbugs:annotations":1658,"org.scala-lang.modules:scala-java8-compat_2.13":0,"org.kohsuke.metainf-services:metainf-services":384,"io.netty:netty-common":541,"org.apache.logging.log4j:log4j-1.2-api":369,"org.clojure:data.json":924,"org.springframework.boot:spring-boot-starter-jdbc":444,"org.apache.shiro:shiro-core":495,"io.grpc:grpc-protobuf":431,"com.microsoft.azure.cognitiveservices:azure-cognitiveservices-videosearch":0,"org.junit.platform:junit-platform-launcher":1129,"org.codehaus.jackson:jackson-core-asl":2116,"org.springframework.boot:spring-boot-starter-log4j2":534,"org.springframework.cloud:spring-cloud-context":551,"org.osgi:osgi.cmpn":529,"com.fasterxml.jackson.core:jackson-databind":12639,"org.scala-lang:scala-reflect":2613,"org.springframework.boot:spring-boot-configuration-processor":2636,"org.apache.hbase:hbase-client":498,"org.apache.curator:curator-framework":538,"org.codehaus.janino:janino":380,"javax.xml.ws:jaxws-api":666,"org.mockito:mockito-core":17142,"org.springframework.boot:spring-boot-autoconfigure":2694,"com.microsoft.azure.hdinsight.v2018_06_01_preview:azure-mgmt-hdinsight":0,"javax.servlet:jstl":1600,"com.vaadin:vaadin-client":451,"org.specs2:specs2-mock_2.13":0,"org.junit.jupiter:junit-jupiter-engine":3325,"org.glassfish.web:javax.el":362,"com.microsoft.azure:azure-mgmt-redis":1,"com.fasterxml.jackson.datatype:jackson-datatype-jsr310":1613,"com.squareup.okhttp3:okhttp":3544,"org.springframework:spring-aop":2358,"org.apache.camel:camel-core":1355,"org.kie:kie-api":500,"redis.clients:jedis":1123,"org.netbeans.api:org-openide-windows":577,"org.eclipse.core:resources":465,"org.apache.cxf:cxf-rt-transports-http":778,"com.fasterxml.jackson.module:jackson-module-kotlin":782,"org.springframework.osgi:spring-osgi-core":313,"org.scoverage:scalac-scoverage-runtime_2.13":0,"com.typesafe.akka:akka-http_2.13":0,"org.wso2.carbon:org.wso2.carbon.registry.core":738,"jmock:jmock":335,"org.apache.hadoop:hadoop-hdfs":777,"org.apache.spark:spark-streaming_2.12":0,"org.osgi:org.osgi.core":5859,"org.slf4j:slf4j-jdk14":1730,"io.reactivex.rxjava2:rxjava":2055,"javax.annotation:jsr250-api":862,"org.hamcrest:hamcrest-library":4856,"com.microsoft.azure:azure-mgmt-monitor":1,"org.apache.httpcomponents:httpasyncclient":487,"org.springframework.security:spring-security-web":940,"org.powermock:powermock-api-mockito2":563,"com.jcraft:jsch":939,"commons-beanutils:commons-beanutils":3551,"org.apache.felix:org.apache.felix.scr.annotations":1230,"org.glassfish:javax.json":762,"org.springframework.shell:spring-shell":364,"org.jmockit:jmockit":656,"commons-collections:commons-collections":4989,"com.google.testing.compile:compile-testing":398,"org.apache.felix:org.apache.felix.scr":355,"org.netbeans.api:org-openide-explorer":319,"com.mchange:c3p0":404,"com.fasterxml.jackson.datatype:jackson-datatype-jdk8":614,"org.scala-js:scalajs-dom_sjs1.0.0-M8_2.13":0,"com.typesafe.play:play-json_2.13":0,"org.postgresql:postgresql":1801,"javax.ws.rs:javax.ws.rs-api":2167,"org.easymock:easymock":4105,"net.java.dev.jna:jna":875,"org.clojure:clojure":14596,"io.springfox:springfox-swagger2":593,"de.flapdoodle.embed:de.flapdoodle.embed.memcached":349,"com.sun.faces:jsf-api":343,"javax.servlet.jsp:jsp-api":1307,"org.immutables:value":441,"org.apache.velocity:velocity":1368,"com.ning:async-http-client":498,"org.apereo.cas:cas-server-core-api-test-category":335,"args4j:args4j":509,"org.mule.modules:mule-module-spring-config":383,"com.google.gwt:gwt-dev":685,"com.google.inject.extensions:guice-servlet":488,"javax.servlet.jsp:javax.servlet.jsp-api":731,"org.apache.geronimo.specs:geronimo-jms_1.1_spec":633,"org.apache.commons:commons-pool2":954,"com.google.api-client:google-api-client":515,"org.apache.solr:solr-solrj":469,"org.apache.geronimo.specs:geronimo-jpa_2.0_spec":302,"com.microsoft.azure.cognitiveservices:azure-cognitiveservices-customimagesearch":0,"javax.inject:javax.inject":4272,"xml-apis:xml-apis":1448,"org.wso2.carbon:org.wso2.carbon.ui":777,"org.springframework:spring-context":8410,"com.rabbitmq:amqp-client":434,"com.vaadin:vaadin-server":706,"org.spockframework:spock-spring":513,"com.fasterxml.jackson.dataformat:jackson-dataformat-yaml":1510,"org.apache.hbase:hbase-server":330,"io.spray:spray-json_2.13":0,"org.apache.commons:commons-lang3":13981,"javax.websocket:javax.websocket-api":399,"org.springframework.boot:spring-boot-starter-web":3969,"io.netty:netty-handler":713,"org.apache.pdfbox:pdfbox":360,"com.typesafe.play:play-ws_2.13":0,"org.springframework.boot:spring-boot-starter-logging":375,"org.glassfish.jersey.core:jersey-server":642,"org.apache.xmlbeans:xmlbeans":616,"org.ops4j.pax.exam:pax-exam-junit4":488,"javax.json:javax.json-api":406,"io.vertx:vertx-unit":354,"org.springframework.boot:spring-boot-starter-data-jpa":828,"io.projectreactor:reactor-core":476,"org.hibernate.javax.persistence:hibernate-jpa-2.0-api":949,"org.apache.maven:maven-project":2598,"org.apache.camel:camel-core-starter":345,"org.springframework.security:spring-security-core":1512,"io.grpc:grpc-stub":523,"org.netbeans.api:org-openide-dialogs":660,"org.apache.uima:uimafit-core":427,"com.sun.jersey:jersey-json":707,"com.google.errorprone:error_prone_annotations":301,"org.springframework:spring-aspects":628,"org.junit.platform:junit-platform-suite-api":378,"org.drools:drools-compiler":480,"org.mybatis:mybatis":669,"com.thoughtworks.paranamer:paranamer":351,"org.jboss.logging:jboss-logging":1854,"org.jmock:jmock":570,"org.apache.httpcomponents:fluent-hc":480,"org.jboss.errai:errai-ioc":311,"commons-httpclient:commons-httpclient":2590,"com.ibm.icu:icu4j":557,"org.glassfish.main.javaee-api:javax.jws":381,"org.apache.hadoop:hadoop-mapreduce-client-core":701,"org.jboss.shrinkwrap.resolver:shrinkwrap-resolver-impl-maven":328,"org.apache.wicket:wicket-core":391,"org.apache.ant:ant":1799,"com.googlecode.json-simple:json-simple":1209,"org.apache.tomcat:tomcat-jdbc":332,"com.github.scopt:scopt_2.13":0,"org.apache.commons:commons-math":342,"org.springframework.boot:spring-boot":1540,"org.netbeans.api:org-openide-loaders":646,"commons-net:commons-net":933,"org.webjars.npm:lodash":394,"org.netbeans.api:org-netbeans-api-annotations-common":493,"com.google.inject.extensions:guice-assistedinject":390,"org.eclipse.persistence:javax.persistence":532,"org.apache.cxf:cxf-rt-ws-security":319,"org.apache.poi:poi":1257,"com.microsoft.azure:azure-svc-mgmt":11,"org.powermock:powermock-api-easymock":466,"org.apache.commons:commons-email":328,"org.eclipse.jetty:jetty-client":307,"org.apache.commons:commons-io":1091,"org.powermock:powermock-module-junit4":2738,"org.hibernate:hibernate-annotations":590,"com.microsoft.azure:azure-mgmt-containerservice":1,"com.microsoft.azure:azure-mgmt-network":10,"com.microsoft.azure:azure-mgmt-resources":213,"javax.persistence:javax.persistence-api":430,"org.apache.sling:org.apache.sling.api":458,"org.scala-lang:scala-compiler":1592,"org.reflections:reflections":2297,"com.microsoft.azure.functions:azure-functions-java-library":5,"org.liquibase:liquibase-core":442,"org.netbeans.api:org-openide-modules":486,"com.amazonaws:aws-java-sdk":769,"org.seleniumhq.selenium:selenium-java":1082,"org.eclipse.jetty:jetty-server":2535,"com.microsoft.azure.cognitiveservices:azure-cognitiveservices-spellcheck":0,"org.antlr:antlr-runtime":471,"com.microsoft.azure:azure-documentdb":21,"org.eclipse.jetty:jetty-servlet":1681,"org.jboss:jboss-common-core":322,"org.apache.kafka:kafka-clients":916,"javax.servlet:jsp-api":781,"org.springframework.boot:spring-boot-test":375,"net.sourceforge.nekohtml:nekohtml":332,"org.springframework:spring":767,"com.microsoft.azure:azure-client-authentication":229,"org.jboss.spec.javax.ejb:jboss-ejb-api_3.1_spec":355,"org.netbeans.api:org-openide-filesystems":1005,"org.specs2:specs2-scalacheck_2.13":0,"com.github.lalyos:jfiglet":439,"org.springframework:spring-orm":2021,"javax.xml.stream:stax-api":362,"io.jsonwebtoken:jjwt":331,"org.netbeans.api:org-openide-util-lookup":1215,"org.jacoco:org.jacoco.agent":562,"org.springframework:spring-context-support":2342,"com.microsoft.azure.cognitiveservices:azure-cognitiveservices-luis-runtime":0,"javax.servlet:servlet-api":10727,"org.jboss.spec.javax.servlet:jboss-servlet-api_3.0_spec":737,"org.eclipse.jetty:jetty-webapp":1319,"commons-digester:commons-digester":919,"aopalliance:aopalliance":672,"com.aliyun:aliyun-java-sdk-core":305,"com.typesafe.akka:akka-actor_2.13":0,"com.microsoft.azure.labservices.v2018_10_15:azure-mgmt-labservices":0,"org.apache.maven.plugin-tools:maven-plugin-annotations":3246,"org.assertj:assertj-core":7420,"com.microsoft.azure.cognitiveservices:azure-cognitiveservices-language":0,"org.apache.ws.commons.axiom:axiom-api":379,"org.apache.hbase:hbase-common":325,"org.apache.commons:commons-collections4":1840,"org.scala-js:scalajs-library_2.13":0,"com.microsoft.azure:azure-eventhubs":22,"org.jboss.netty:netty":332,"com.fasterxml.jackson.jaxrs:jackson-jaxrs-json-provider":1402,"org.slf4j:jul-to-slf4j":2270,"org.jvnet.jaxb2_commons:jaxb2-basics-runtime":442,"org.springframework.boot:spring-boot-starter-mail":536,"com.google.android:android":1287,"com.microsoft.azure:azure-mgmt-batchai":1,"io.undertow:undertow-core":459,"javax.annotation:javax.annotation-api":1467,"org.codehaus.groovy:groovy-json":500,"com.microsoft.azure.privatedns.v2018_09_01:azure-mgmt-privatedns":0,"com.github.spullara.mustache.java:compiler":361,"org.eclipse.jetty:jetty-continuation":303,"org.springframework:spring-core":5572,"org.apache.commons:commons-compress":1612,"org.codehaus.groovy:groovy":1162,"net.sf.trove4j:trove4j":432,"org.junit.jupiter:junit-jupiter-params":1388,"org.json:json":3251,"javax.xml.soap:javax.xml.soap-api":427,"com.github.kstyrc:embedded-redis":505,"org.clojure:clojurescript":2261,"org.springframework.boot:spring-boot-starter-actuator":1591,"org.aspectj:aspectjrt":2125,"com.microsoft.azure.cognitiveservices:azure-cognitiveservices-textanalytics":0,"com.github.fakemongo:fongo":462,"org.mortbay.jetty:jetty-util":549,"org.yaml:snakeyaml":1735,"com.squareup.okhttp:mockwebserver":310,"com.google.collections:google-collections":424,"it.unimi.dsi:fastutil":427,"org.apache.maven:maven-model":1321,"com.github.ben-manes.caffeine:caffeine":805,"org.elasticsearch:elasticsearch":934,"com.squareup.okhttp3:logging-interceptor":1302,"org.jboss.spec.javax.servlet:jboss-servlet-api_3.1_spec":465,"com.fasterxml.jackson.module:jackson-module-scala_2.13":0,"com.typesafe.play:play-server_2.13":0,"com.beust:jcommander":776,"org.drools:drools-core":518,"javax.validation:validation-api":3495,"net.sourceforge.htmlunit:htmlunit":405,"org.springframework.webflow:spring-binding":439,"org.apache.httpcomponents:httpclient":8731,"org.apache.curator:curator-test":545,"com.microsoft.azure.cognitiveservices:azure-cognitiveservices-customvision-training":0,"com.jayway.restassured:rest-assured":475,"org.apache.logging.log4j:log4j-jcl":761,"org.slf4j:log4j-over-slf4j":2237,"org.jboss.arquillian.junit:arquillian-junit-container":1393,"org.springframework:spring-beans":4810,"org.glassfish.jaxb:jaxb-runtime":742,"org.apache.activemq:activemq-client":346,"com.google.gwt:gwt-servlet":656,"org.glassfish.jersey.inject:jersey-hk2":444,"javax.enterprise:cdi-api":2394,"org.jboss.logging:jboss-logging-annotations":747,"org.springframework:spring-web":4918,"org.easytesting:fest-assert-core":613,"io.circe:circe-generic_2.13":0,"com.yammer.metrics:metrics-core":357,"javax.servlet:javax.servlet-api":11274,"org.hibernate.javax.persistence:hibernate-jpa-2.1-api":860,"org.dom4j:dom4j":547,"io.reactivex:rxjava":1778,"org.apache.commons:commons-math3":1446,"com.microsoft.azure:azure-mgmt-cdn":1,"org.apache.synapse:synapse-core":330,"org.clojure:tools.cli":463,"org.springframework.retry:spring-retry":531,"org.codehaus.plexus:plexus-container-default":747,"org.scalacheck:scalacheck_2.13":0,"javax.el:javax.el-api":1161,"org.springframework:spring-jdbc":2789,"com.typesafe.scala-logging:scala-logging_2.13":0,"io.vertx:vertx-core":825,"com.google.appengine:appengine-api-1.0-sdk":320,"javax.portlet:portlet-api":1041,"org.apache.geronimo.specs:geronimo-atinject_1.0_spec":370,"com.jayway.jsonpath:json-path":932,"org.apache.geronimo.specs:geronimo-servlet_2.5_spec":344,"org.clojure:java.jdbc":450,"org.ops4j.pax.logging:pax-logging-api":715,"org.springframework.security:spring-security-config":855,"com.microsoft.azure.cognitiveservices:azure-computervision":0,"org.apache.logging.log4j:log4j-api":3471,"org.antlr:antlr4-runtime":617,"org.springframework:spring-oxm":366,"com.microsoft.azure:azure-arm-client-runtime":161,"org.apereo.service.persondir:person-directory-impl":378,"com.google.gwt:gwt-user":1901,"org.eclipse.jetty:jetty-security":468,"org.netbeans.api:org-openide-awt":777,"org.netbeans.api:org-openide-text":398,"com.typesafe.play:twirl-api_2.13":0,"org.osgi:org.osgi.service.component.annotations":821,"org.springframework.security:spring-security-cas":421,"com.microsoft.sqlserver:mssql-jdbc":211,"com.microsoft.azure.mixedreality.v2019_02_28_preview:azure-mgmt-mixedreality":0,"io.netty:netty-codec":421,"org.eclipse.jetty.orbit:javax.servlet":306,"com.typesafe.akka:akka-testkit_2.13":0,"org.springframework.boot:spring-boot-properties-migrator":441,"com.microsoft.azure:azure-mgmt-trafficmanager":1,"com.typesafe.play:play-netty-server_2.13":0,"javax:javaee-api":1629,"com.microsoft.azure:azure-mgmt-containerinstance":1,"org.slf4j:jcl-over-slf4j":6345,"com.github.stefanbirkner:system-rules":475,"org.springframework:spring-jms":826,"org.apache.lucene:lucene-analyzers-common":581,"org.apache.solr:solr-core":352,"org.codehaus.groovy:groovy-xml":476,"com.microsoft.azure.sdk.iot:iot-service-client":3,"org.apereo.cas:cas-server-core-configuration-api":311,"org.apache.commons:commons-csv":535,"com.sun.jersey:jersey-client":1268,"org.testng:testng":7947,"com.github.axet:wget":353,"org.jboss:jboss-vfs":318,"commons-dbcp:commons-dbcp":1581,"org.apache.geronimo.specs:geronimo-jta_1.1_spec":604,"org.mockito:mockito-junit-jupiter":629,"org.springframework:spring-tx":2398,"com.microsoft.azure:azure-core":35,"backport-util-concurrent:backport-util-concurrent":309,"org.springframework.boot:spring-boot-autoconfigure-processor":448,"org.clojure:core.async":1286,"com.github.ben-manes.caffeine:guava":395,"org.clojure:clojure-contrib":706,"com.zaxxer:HikariCP":1158,"org.glassfish.jersey.media:jersey-media-json-jackson":721,"com.github.spotbugs:spotbugs-annotations":422,"io.netty:netty-codec-http":415,"org.apache.felix:org.osgi.compendium":540,"org.springframework.cloud:spring-cloud-commons":586,"org.apereo.cas:cas-server-core-util-api":325,"com.amazonaws:aws-java-sdk-s3":713,"com.microsoft.azure:azure-storage-queue":0,"org.apache.maven:maven-plugin-api":5494,"org.apereo.inspektr:inspektr-support-spring":419,"org.codehaus.groovy:groovy-datetime":393,"com.typesafe.play:play_2.13":0,"org.openjdk.jmh:jmh-generator-annprocess":486,"com.microsoft.azure.cognitiveservices:azure-cognitiveservices-websearch":0,"org.apache.hadoop:hadoop-client":922,"com.microsoft.azure:azure-mgmt-compute":9,"org.hibernate.validator:hibernate-validator":458,"com.microsoft.azure.cognitiveservices:azure-cognitiveservices-entitysearch":0,"com.microsoft.azure.cognitiveservices:azure-cognitiveservices-faceapi":0,"com.sun.xml.bind:jaxb-core":629,"com.google.inject.extensions:guice-multibindings":860,"org.apache.activemq:activemq-core":527}